code_naf,temps_code,cluster,mediane,q1,q3,etendue
0111Z,temps_code1,3,20.35,16.98,24.43,15.540000000000001
0121Z,temps_code1,0,36.4,32.38,42.05,25.92
0128Z,temps_code1,2,66.905,60.0125,77.24,107.58999999999999
0130Z,temps_code1,3,20.35,16.98,24.43,15.540000000000001
0143Z,temps_code1,1,6.25,3.85,9.6,13.7
0147Z,temps_code1,0,36.4,32.38,42.05,25.92
0149Z,temps_code1,1,6.25,3.85,9.6,13.7
0161Z,temps_code1,0,36.4,32.38,42.05,25.92
0162Z,temps_code1,3,20.35,16.98,24.43,15.540000000000001
0240Z,temps_code1,3,20.35,16.98,24.43,15.540000000000001
1013B,temps_code1,3,20.35,16.98,24.43,15.540000000000001
1020Z,temps_code1,3,20.35,16.98,24.43,15.540000000000001
1071C,temps_code1,3,20.35,16.98,24.43,15.540000000000001
1071D,temps_code1,3,20.35,16.98,24.43,15.540000000000001
1071c,temps_code1,1,6.25,3.85,9.6,13.7
1071d,temps_code1,0,36.4,32.38,42.05,25.92
1072Z,temps_code1,3,20.35,16.98,24.43,15.540000000000001
1073Z,temps_code1,0,36.4,32.38,42.05,25.92
1082Z,temps_code1,0,36.4,32.38,42.05,25.92
1083Z,temps_code1,3,20.35,16.98,24.43,15.540000000000001
1085Z,temps_code1,1,6.25,3.85,9.6,13.7
1101Z,temps_code1,0,36.4,32.38,42.05,25.92
1105Z,temps_code1,0,36.4,32.38,42.05,25.92
1399Z,temps_code1,1,6.25,3.85,9.6,13.7
1412Z,temps_code1,0,36.4,32.38,42.05,25.92
1413Z,temps_code1,1,6.25,3.85,9.6,13.7
1610B,temps_code1,0,36.4,32.38,42.05,25.92
1624Z,temps_code1,0,36.4,32.38,42.05,25.92
1629Z,temps_code1,3,20.35,16.98,24.43,15.540000000000001
1721B,temps_code1,0,36.4,32.38,42.05,25.92
1812Z,temps_code1,3,20.35,16.98,24.43,15.540000000000001
1813Z,temps_code1,0,36.4,32.38,42.05,25.92
2222Z,temps_code1,2,66.905,60.0125,77.24,107.58999999999999
2229B,temps_code1,1,6.25,3.85,9.6,13.7
2312Z,temps_code1,3,20.35,16.98,24.43,15.540000000000001
2319Z,temps_code1,3,20.35,16.98,24.43,15.540000000000001
2370Z,temps_code1,3,20.35,16.98,24.43,15.540000000000001
2511Z,temps_code1,3,20.35,16.98,24.43,15.540000000000001
2512Z,temps_code1,3,20.35,16.98,24.43,15.540000000000001
2540Z,temps_code1,3,20.35,16.98,24.43,15.540000000000001
2561Z,temps_code1,1,6.25,3.85,9.6,13.7
2562B,temps_code1,0,36.4,32.38,42.05,25.92
2612Z,temps_code1,0,36.4,32.38,42.05,25.92
2660Z,temps_code1,2,66.905,60.0125,77.24,107.58999999999999
2812Z,temps_code1,3,20.35,16.98,24.43,15.540000000000001
2829A,temps_code1,0,36.4,32.38,42.05,25.92
2829B,temps_code1,0,36.4,32.38,42.05,25.92
2849z,temps_code1,0,36.4,32.38,42.05,25.92
2899A,temps_code1,0,36.4,32.38,42.05,25.92
2899B,temps_code1,0,36.4,32.38,42.05,25.92
2920Z,temps_code1,2,66.905,60.0125,77.24,107.58999999999999
3012Z,temps_code1,1,6.25,3.85,9.6,13.7
3109B,temps_code1,1,6.25,3.85,9.6,13.7
3212Z,temps_code1,3,20.35,16.98,24.43,15.540000000000001
3250A,temps_code1,0,36.4,32.38,42.05,25.92
3312Z,temps_code1,0,36.4,32.38,42.05,25.92
3320A,temps_code1,3,20.35,16.98,24.43,15.540000000000001
3320B,temps_code1,3,20.35,16.98,24.43,15.540000000000001
3320C,temps_code1,3,20.35,16.98,24.43,15.540000000000001
3320D,temps_code1,0,36.4,32.38,42.05,25.92
3511Z,temps_code1,1,6.25,3.85,9.6,13.7
4110A,temps_code1,3,20.35,16.98,24.43,15.540000000000001
4110C,temps_code1,1,6.25,3.85,9.6,13.7
4110D,temps_code1,1,6.25,3.85,9.6,13.7
4110d,temps_code1,1,6.25,3.85,9.6,13.7
4120A,temps_code1,0,36.4,32.38,42.05,25.92
4120B,temps_code1,0,36.4,32.38,42.05,25.92
4299Z,temps_code1,3,20.35,16.98,24.43,15.540000000000001
4312A,temps_code1,3,20.35,16.98,24.43,15.540000000000001
4321A,temps_code1,3,20.35,16.98,24.43,15.540000000000001
4321B,temps_code1,2,66.905,60.0125,77.24,107.58999999999999
4321a,temps_code1,1,6.25,3.85,9.6,13.7
4322A,temps_code1,3,20.35,16.98,24.43,15.540000000000001
4322B,temps_code1,0,36.4,32.38,42.05,25.92
4329A,temps_code1,3,20.35,16.98,24.43,15.540000000000001
4329B,temps_code1,0,36.4,32.38,42.05,25.92
4331Z,temps_code1,3,20.35,16.98,24.43,15.540000000000001
4332A,temps_code1,3,20.35,16.98,24.43,15.540000000000001
4332B,temps_code1,3,20.35,16.98,24.43,15.540000000000001
4332C,temps_code1,0,36.4,32.38,42.05,25.92
4332b,temps_code1,1,6.25,3.85,9.6,13.7
4333Z,temps_code1,1,6.25,3.85,9.6,13.7
4334Z,temps_code1,1,6.25,3.85,9.6,13.7
4339Z,temps_code1,3,20.35,16.98,24.43,15.540000000000001
4391A,temps_code1,3,20.35,16.98,24.43,15.540000000000001
4391B,temps_code1,0,36.4,32.38,42.05,25.92
4399A,temps_code1,0,36.4,32.38,42.05,25.92
4399B,temps_code1,3,20.35,16.98,24.43,15.540000000000001
4399C,temps_code1,3,20.35,16.98,24.43,15.540000000000001
4399D,temps_code1,0,36.4,32.38,42.05,25.92
4399E,temps_code1,0,36.4,32.38,42.05,25.92
4511Z,temps_code1,0,36.4,32.38,42.05,25.92
4511z,temps_code1,0,36.4,32.38,42.05,25.92
4519Z,temps_code1,0,36.4,32.38,42.05,25.92
4520A,temps_code1,0,36.4,32.38,42.05,25.92
4532Z,temps_code1,0,36.4,32.38,42.05,25.92
4540Z,temps_code1,0,36.4,32.38,42.05,25.92
4613Z,temps_code1,1,6.25,3.85,9.6,13.7
4618Z,temps_code1,3,20.35,16.98,24.43,15.540000000000001
4619A,temps_code1,0,36.4,32.38,42.05,25.92
4619B,temps_code1,1,6.25,3.85,9.6,13.7
4631Z,temps_code1,1,6.25,3.85,9.6,13.7
4634Z,temps_code1,3,20.35,16.98,24.43,15.540000000000001
4641Z,temps_code1,3,20.35,16.98,24.43,15.540000000000001
4645Z,temps_code1,0,36.4,32.38,42.05,25.92
4646Z,temps_code1,1,6.25,3.85,9.6,13.7
4647Z,temps_code1,1,6.25,3.85,9.6,13.7
4649Z,temps_code1,0,36.4,32.38,42.05,25.92
4651Z,temps_code1,1,6.25,3.85,9.6,13.7
4669A,temps_code1,1,6.25,3.85,9.6,13.7
4669B,temps_code1,3,20.35,16.98,24.43,15.540000000000001
4669C,temps_code1,1,6.25,3.85,9.6,13.7
4672Z,temps_code1,0,36.4,32.38,42.05,25.92
4673A,temps_code1,3,20.35,16.98,24.43,15.540000000000001
4673B,temps_code1,2,66.905,60.0125,77.24,107.58999999999999
4674A,temps_code1,1,6.25,3.85,9.6,13.7
4690Z,temps_code1,3,20.35,16.98,24.43,15.540000000000001
4711B,temps_code1,0,36.4,32.38,42.05,25.92
4711C,temps_code1,0,36.4,32.38,42.05,25.92
4711D,temps_code1,3,20.35,16.98,24.43,15.540000000000001
4721Z,temps_code1,0,36.4,32.38,42.05,25.92
4721z,temps_code1,0,36.4,32.38,42.05,25.92
4722Z,temps_code1,3,20.35,16.98,24.43,15.540000000000001
4725Z,temps_code1,3,20.35,16.98,24.43,15.540000000000001
4726Z,temps_code1,0,36.4,32.38,42.05,25.92
4729Z,temps_code1,3,20.35,16.98,24.43,15.540000000000001
4754Z,temps_code1,0,36.4,32.38,42.05,25.92
4759A,temps_code1,0,36.4,32.38,42.05,25.92
4759B,temps_code1,2,66.905,60.0125,77.24,107.58999999999999
4761Z,temps_code1,3,20.35,16.98,24.43,15.540000000000001
4762Z,temps_code1,3,20.35,16.98,24.43,15.540000000000001
4764Z,temps_code1,3,20.35,16.98,24.43,15.540000000000001
4765Z,temps_code1,3,20.35,16.98,24.43,15.540000000000001
4771Z,temps_code1,3,20.35,16.98,24.43,15.540000000000001
4772A,temps_code1,0,36.4,32.38,42.05,25.92
4773Z,temps_code1,0,36.4,32.38,42.05,25.92
4774Z,temps_code1,0,36.4,32.38,42.05,25.92
4775Z,temps_code1,1,6.25,3.85,9.6,13.7
4776Z,temps_code1,3,20.35,16.98,24.43,15.540000000000001
4778A,temps_code1,0,36.4,32.38,42.05,25.92
4778C,temps_code1,0,36.4,32.38,42.05,25.92
4781Z,temps_code1,3,20.35,16.98,24.43,15.540000000000001
4789Z,temps_code1,1,6.25,3.85,9.6,13.7
4791A,temps_code1,3,20.35,16.98,24.43,15.540000000000001
4791B,temps_code1,3,20.35,16.98,24.43,15.540000000000001
4791b,temps_code1,3,20.35,16.98,24.43,15.540000000000001
4932Z,temps_code1,1,6.25,3.85,9.6,13.7
4939B,temps_code1,0,36.4,32.38,42.05,25.92
4941A,temps_code1,0,36.4,32.38,42.05,25.92
4941B,temps_code1,1,6.25,3.85,9.6,13.7
5223Z,temps_code1,2,66.905,60.0125,77.24,107.58999999999999
5229B,temps_code1,3,20.35,16.98,24.43,15.540000000000001
5320Z,temps_code1,2,66.905,60.0125,77.24,107.58999999999999
5510Z,temps_code1,0,36.4,32.38,42.05,25.92
5520Z,temps_code1,1,6.25,3.85,9.6,13.7
5530Z,temps_code1,0,36.4,32.38,42.05,25.92
5610A,temps_code1,3,20.35,16.98,24.43,15.540000000000001
5610C,temps_code1,3,20.35,16.98,24.43,15.540000000000001
5610a,temps_code1,3,20.35,16.98,24.43,15.540000000000001
5610c,temps_code1,1,6.25,3.85,9.6,13.7
5621Z,temps_code1,0,36.4,32.38,42.05,25.92
5630Z,temps_code1,3,20.35,16.98,24.43,15.540000000000001
5811Z,temps_code1,1,6.25,3.85,9.6,13.7
5814Z,temps_code1,1,6.25,3.85,9.6,13.7
5819Z,temps_code1,0,36.4,32.38,42.05,25.92
5829C,temps_code1,1,6.25,3.85,9.6,13.7
5911A,temps_code1,1,6.25,3.85,9.6,13.7
5911B,temps_code1,1,6.25,3.85,9.6,13.7
5911C,temps_code1,3,20.35,16.98,24.43,15.540000000000001
5920Z,temps_code1,1,6.25,3.85,9.6,13.7
6201Z,temps_code1,3,20.35,16.98,24.43,15.540000000000001
6202A,temps_code1,1,6.25,3.85,9.6,13.7
6209Z,temps_code1,3,20.35,16.98,24.43,15.540000000000001
6312Z,temps_code1,1,6.25,3.85,9.6,13.7
6420Z,temps_code1,1,6.25,3.85,9.6,13.7
6420z,temps_code1,3,20.35,16.98,24.43,15.540000000000001
6430Z,temps_code1,1,6.25,3.85,9.6,13.7
6492Z,temps_code1,1,6.25,3.85,9.6,13.7
6619A,temps_code1,1,6.25,3.85,9.6,13.7
6619B,temps_code1,3,20.35,16.98,24.43,15.540000000000001
6619a,temps_code1,1,6.25,3.85,9.6,13.7
6622Z,temps_code1,1,6.25,3.85,9.6,13.7
6630Z,temps_code1,1,6.25,3.85,9.6,13.7
6810Z,temps_code1,1,6.25,3.85,9.6,13.7
6820A,temps_code1,1,6.25,3.85,9.6,13.7
6820B,temps_code1,1,6.25,3.85,9.6,13.7
6820b,temps_code1,1,6.25,3.85,9.6,13.7
6831Z,temps_code1,1,6.25,3.85,9.6,13.7
6832A,temps_code1,1,6.25,3.85,9.6,13.7
6832B,temps_code1,1,6.25,3.85,9.6,13.7
6910Z,temps_code1,1,6.25,3.85,9.6,13.7
6910z,temps_code1,1,6.25,3.85,9.6,13.7
7010Z,temps_code1,1,6.25,3.85,9.6,13.7
7021Z,temps_code1,3,20.35,16.98,24.43,15.540000000000001
7022Z,temps_code1,1,6.25,3.85,9.6,13.7
7111Z,temps_code1,1,6.25,3.85,9.6,13.7
7112A,temps_code1,1,6.25,3.85,9.6,13.7
7112B,temps_code1,1,6.25,3.85,9.6,13.7
7112b,temps_code1,1,6.25,3.85,9.6,13.7
7120A,temps_code1,3,20.35,16.98,24.43,15.540000000000001
7120B,temps_code1,3,20.35,16.98,24.43,15.540000000000001
7219Z,temps_code1,1,6.25,3.85,9.6,13.7
7311Z,temps_code1,3,20.35,16.98,24.43,15.540000000000001
7312Z,temps_code1,3,20.35,16.98,24.43,15.540000000000001
7410Z,temps_code1,3,20.35,16.98,24.43,15.540000000000001
7420Z,temps_code1,3,20.35,16.98,24.43,15.540000000000001
7490A,temps_code1,3,20.35,16.98,24.43,15.540000000000001
7490B,temps_code1,1,6.25,3.85,9.6,13.7
7490b,temps_code1,1,6.25,3.85,9.6,13.7
7500Z,temps_code1,3,20.35,16.98,24.43,15.540000000000001
7711A,temps_code1,3,20.35,16.98,24.43,15.540000000000001
7721Z,temps_code1,1,6.25,3.85,9.6,13.7
7729Z,temps_code1,3,20.35,16.98,24.43,15.540000000000001
7729z,temps_code1,0,36.4,32.38,42.05,25.92
7732Z,temps_code1,3,20.35,16.98,24.43,15.540000000000001
7739Z,temps_code1,1,6.25,3.85,9.6,13.7
7740Z,temps_code1,1,6.25,3.85,9.6,13.7
7820Z,temps_code1,2,66.905,60.0125,77.24,107.58999999999999
7911Z,temps_code1,0,36.4,32.38,42.05,25.92
7912Z,temps_code1,0,36.4,32.38,42.05,25.92
7990Z,temps_code1,3,20.35,16.98,24.43,15.540000000000001
8010Z,temps_code1,0,36.4,32.38,42.05,25.92
8121Z,temps_code1,0,36.4,32.38,42.05,25.92
8122Z,temps_code1,3,20.35,16.98,24.43,15.540000000000001
8129B,temps_code1,0,36.4,32.38,42.05,25.92
8130Z,temps_code1,3,20.35,16.98,24.43,15.540000000000001
8211Z,temps_code1,1,6.25,3.85,9.6,13.7
8219Z,temps_code1,1,6.25,3.85,9.6,13.7
8230Z,temps_code1,1,6.25,3.85,9.6,13.7
8299Z,temps_code1,1,6.25,3.85,9.6,13.7
8551Z,temps_code1,1,6.25,3.85,9.6,13.7
8552Z,temps_code1,1,6.25,3.85,9.6,13.7
8553Z,temps_code1,3,20.35,16.98,24.43,15.540000000000001
8559A,temps_code1,3,20.35,16.98,24.43,15.540000000000001
8559B,temps_code1,1,6.25,3.85,9.6,13.7
8621Z,temps_code1,1,6.25,3.85,9.6,13.7
8622C,temps_code1,1,6.25,3.85,9.6,13.7
8623Z,temps_code1,3,20.35,16.98,24.43,15.540000000000001
8690A,temps_code1,0,36.4,32.38,42.05,25.92
8690D,temps_code1,1,6.25,3.85,9.6,13.7
8690E,temps_code1,1,6.25,3.85,9.6,13.7
8690F,temps_code1,1,6.25,3.85,9.6,13.7
8690d,temps_code1,1,6.25,3.85,9.6,13.7
8690e,temps_code1,1,6.25,3.85,9.6,13.7
8720A,temps_code1,0,36.4,32.38,42.05,25.92
8790A,temps_code1,0,36.4,32.38,42.05,25.92
8810A,temps_code1,3,20.35,16.98,24.43,15.540000000000001
8891A,temps_code1,3,20.35,16.98,24.43,15.540000000000001
9001Z,temps_code1,3,20.35,16.98,24.43,15.540000000000001
9002Z,temps_code1,1,6.25,3.85,9.6,13.7
9003B,temps_code1,1,6.25,3.85,9.6,13.7
9004Z,temps_code1,0,36.4,32.38,42.05,25.92
9311Z,temps_code1,1,6.25,3.85,9.6,13.7
9312Z,temps_code1,0,36.4,32.38,42.05,25.92
9313Z,temps_code1,3,20.35,16.98,24.43,15.540000000000001
9329Z,temps_code1,1,6.25,3.85,9.6,13.7
9329z,temps_code1,3,20.35,16.98,24.43,15.540000000000001
9411Z,temps_code1,3,20.35,16.98,24.43,15.540000000000001
9412Z,temps_code1,0,36.4,32.38,42.05,25.92
9499Z,temps_code1,3,20.35,16.98,24.43,15.540000000000001
9511Z,temps_code1,0,36.4,32.38,42.05,25.92
9512Z,temps_code1,3,20.35,16.98,24.43,15.540000000000001
9522Z,temps_code1,0,36.4,32.38,42.05,25.92
9525Z,temps_code1,3,20.35,16.98,24.43,15.540000000000001
9529Z,temps_code1,1,6.25,3.85,9.6,13.7
9601B,temps_code1,1,6.25,3.85,9.6,13.7
9602A,temps_code1,3,20.35,16.98,24.43,15.540000000000001
9602B,temps_code1,3,20.35,16.98,24.43,15.540000000000001
9602a,temps_code1,3,20.35,16.98,24.43,15.540000000000001
9604Z,temps_code1,1,6.25,3.85,9.6,13.7
9609Z,temps_code1,1,6.25,3.85,9.6,13.7
IRPP,temps_code1,1,6.25,3.85,9.6,13.7
0111Z,temps_code3,0,2.33,0.9,4.4,7.03
0121Z,temps_code3,2,10.8,8.85,13.71,10.61
0128Z,temps_code3,1,22.17,19.52,27.18,21.06
0130Z,temps_code3,2,10.8,8.85,13.71,10.61
0143Z,temps_code3,0,2.33,0.9,4.4,7.03
0147Z,temps_code3,2,10.8,8.85,13.71,10.61
0149Z,temps_code3,0,2.33,0.9,4.4,7.03
0161Z,temps_code3,0,2.33,0.9,4.4,7.03
0162Z,temps_code3,0,2.33,0.9,4.4,7.03
0210Z,temps_code3,0,2.33,0.9,4.4,7.03
0240Z,temps_code3,2,10.8,8.85,13.71,10.61
1013B,temps_code3,2,10.8,8.85,13.71,10.61
1020Z,temps_code3,2,10.8,8.85,13.71,10.61
1071C,temps_code3,2,10.8,8.85,13.71,10.61
1071D,temps_code3,2,10.8,8.85,13.71,10.61
1071c,temps_code3,1,22.17,19.52,27.18,21.06
1071d,temps_code3,1,22.17,19.52,27.18,21.06
1072Z,temps_code3,0,2.33,0.9,4.4,7.03
1073Z,temps_code3,2,10.8,8.85,13.71,10.61
1082Z,temps_code3,2,10.8,8.85,13.71,10.61
1083Z,temps_code3,2,10.8,8.85,13.71,10.61
1085Z,temps_code3,0,2.33,0.9,4.4,7.03
1101Z,temps_code3,2,10.8,8.85,13.71,10.61
1105Z,temps_code3,0,2.33,0.9,4.4,7.03
1392Z,temps_code3,0,2.33,0.9,4.4,7.03
1399Z,temps_code3,2,10.8,8.85,13.71,10.61
1412Z,temps_code3,1,22.17,19.52,27.18,21.06
1413Z,temps_code3,0,2.33,0.9,4.4,7.03
1610B,temps_code3,1,22.17,19.52,27.18,21.06
1624Z,temps_code3,1,22.17,19.52,27.18,21.06
1629Z,temps_code3,1,22.17,19.52,27.18,21.06
1721B,temps_code3,2,10.8,8.85,13.71,10.61
1812Z,temps_code3,0,2.33,0.9,4.4,7.03
1813Z,temps_code3,2,10.8,8.85,13.71,10.61
2222Z,temps_code3,0,2.33,0.9,4.4,7.03
2229B,temps_code3,0,2.33,0.9,4.4,7.03
2312Z,temps_code3,0,2.33,0.9,4.4,7.03
2319Z,temps_code3,0,2.33,0.9,4.4,7.03
2370Z,temps_code3,0,2.33,0.9,4.4,7.03
2511Z,temps_code3,2,10.8,8.85,13.71,10.61
2512Z,temps_code3,0,2.33,0.9,4.4,7.03
2540Z,temps_code3,0,2.33,0.9,4.4,7.03
2561Z,temps_code3,0,2.33,0.9,4.4,7.03
2562B,temps_code3,1,22.17,19.52,27.18,21.06
2612Z,temps_code3,0,2.33,0.9,4.4,7.03
2660Z,temps_code3,3,46.8,41.92,57.325,89.85
2812Z,temps_code3,1,22.17,19.52,27.18,21.06
2829A,temps_code3,0,2.33,0.9,4.4,7.03
2829B,temps_code3,0,2.33,0.9,4.4,7.03
2849z,temps_code3,1,22.17,19.52,27.18,21.06
2899A,temps_code3,0,2.33,0.9,4.4,7.03
2899B,temps_code3,1,22.17,19.52,27.18,21.06
2920Z,temps_code3,0,2.33,0.9,4.4,7.03
3012Z,temps_code3,1,22.17,19.52,27.18,21.06
3109B,temps_code3,0,2.33,0.9,4.4,7.03
3212Z,temps_code3,2,10.8,8.85,13.71,10.61
3250A,temps_code3,2,10.8,8.85,13.71,10.61
3312Z,temps_code3,2,10.8,8.85,13.71,10.61
3320A,temps_code3,0,2.33,0.9,4.4,7.03
3320B,temps_code3,2,10.8,8.85,13.71,10.61
3320C,temps_code3,0,2.33,0.9,4.4,7.03
3320D,temps_code3,1,22.17,19.52,27.18,21.06
3511Z,temps_code3,0,2.33,0.9,4.4,7.03
4110A,temps_code3,0,2.33,0.9,4.4,7.03
4110d,temps_code3,0,2.33,0.9,4.4,7.03
4120A,temps_code3,2,10.8,8.85,13.71,10.61
4120B,temps_code3,0,2.33,0.9,4.4,7.03
4299Z,temps_code3,0,2.33,0.9,4.4,7.03
4312A,temps_code3,2,10.8,8.85,13.71,10.61
4321A,temps_code3,2,10.8,8.85,13.71,10.61
4321B,temps_code3,1,22.17,19.52,27.18,21.06
4321a,temps_code3,0,2.33,0.9,4.4,7.03
4322A,temps_code3,0,2.33,0.9,4.4,7.03
4322B,temps_code3,2,10.8,8.85,13.71,10.61
4329A,temps_code3,2,10.8,8.85,13.71,10.61
4329B,temps_code3,2,10.8,8.85,13.71,10.61
4331Z,temps_code3,2,10.8,8.85,13.71,10.61
4332A,temps_code3,2,10.8,8.85,13.71,10.61
4332B,temps_code3,1,22.17,19.52,27.18,21.06
4332C,temps_code3,3,46.8,41.92,57.325,89.85
4332b,temps_code3,0,2.33,0.9,4.4,7.03
4333Z,temps_code3,0,2.33,0.9,4.4,7.03
4334Z,temps_code3,0,2.33,0.9,4.4,7.03
4339Z,temps_code3,0,2.33,0.9,4.4,7.03
4391A,temps_code3,0,2.33,0.9,4.4,7.03
4391B,temps_code3,2,10.8,8.85,13.71,10.61
4399A,temps_code3,2,10.8,8.85,13.71,10.61
4399B,temps_code3,0,2.33,0.9,4.4,7.03
4399C,temps_code3,2,10.8,8.85,13.71,10.61
4399D,temps_code3,2,10.8,8.85,13.71,10.61
4399E,temps_code3,2,10.8,8.85,13.71,10.61
4511Z,temps_code3,0,2.33,0.9,4.4,7.03
4511z,temps_code3,2,10.8,8.85,13.71,10.61
4519Z,temps_code3,2,10.8,8.85,13.71,10.61
4520A,temps_code3,2,10.8,8.85,13.71,10.61
4532Z,temps_code3,2,10.8,8.85,13.71,10.61
4540Z,temps_code3,2,10.8,8.85,13.71,10.61
4613Z,temps_code3,0,2.33,0.9,4.4,7.03
4618Z,temps_code3,2,10.8,8.85,13.71,10.61
4619A,temps_code3,1,22.17,19.52,27.18,21.06
4619B,temps_code3,0,2.33,0.9,4.4,7.03
4623Z,temps_code3,2,10.8,8.85,13.71,10.61
4631Z,temps_code3,0,2.33,0.9,4.4,7.03
4634Z,temps_code3,2,10.8,8.85,13.71,10.61
4638B,temps_code3,0,2.33,0.9,4.4,7.03
4641Z,temps_code3,0,2.33,0.9,4.4,7.03
4645Z,temps_code3,1,22.17,19.52,27.18,21.06
4646Z,temps_code3,0,2.33,0.9,4.4,7.03
4647Z,temps_code3,0,2.33,0.9,4.4,7.03
4649Z,temps_code3,2,10.8,8.85,13.71,10.61
4651Z,temps_code3,0,2.33,0.9,4.4,7.03
4669A,temps_code3,0,2.33,0.9,4.4,7.03
4669B,temps_code3,2,10.8,8.85,13.71,10.61
4669C,temps_code3,2,10.8,8.85,13.71,10.61
4672Z,temps_code3,2,10.8,8.85,13.71,10.61
4673A,temps_code3,1,22.17,19.52,27.18,21.06
4673B,temps_code3,1,22.17,19.52,27.18,21.06
4674A,temps_code3,0,2.33,0.9,4.4,7.03
4690Z,temps_code3,0,2.33,0.9,4.4,7.03
4711B,temps_code3,2,10.8,8.85,13.71,10.61
4711C,temps_code3,1,22.17,19.52,27.18,21.06
4711D,temps_code3,2,10.8,8.85,13.71,10.61
4719B,temps_code3,0,2.33,0.9,4.4,7.03
4721Z,temps_code3,0,2.33,0.9,4.4,7.03
4721z,temps_code3,2,10.8,8.85,13.71,10.61
4722Z,temps_code3,2,10.8,8.85,13.71,10.61
4725Z,temps_code3,2,10.8,8.85,13.71,10.61
4726Z,temps_code3,2,10.8,8.85,13.71,10.61
4729Z,temps_code3,0,2.33,0.9,4.4,7.03
4754Z,temps_code3,2,10.8,8.85,13.71,10.61
4759A,temps_code3,1,22.17,19.52,27.18,21.06
4759B,temps_code3,0,2.33,0.9,4.4,7.03
4761Z,temps_code3,2,10.8,8.85,13.71,10.61
4762Z,temps_code3,0,2.33,0.9,4.4,7.03
4764Z,temps_code3,0,2.33,0.9,4.4,7.03
4765Z,temps_code3,2,10.8,8.85,13.71,10.61
4765z,temps_code3,0,2.33,0.9,4.4,7.03
4771Z,temps_code3,2,10.8,8.85,13.71,10.61
4772A,temps_code3,1,22.17,19.52,27.18,21.06
4773Z,temps_code3,0,2.33,0.9,4.4,7.03
4774Z,temps_code3,1,22.17,19.52,27.18,21.06
4775Z,temps_code3,0,2.33,0.9,4.4,7.03
4776Z,temps_code3,0,2.33,0.9,4.4,7.03
4778A,temps_code3,2,10.8,8.85,13.71,10.61
4778C,temps_code3,2,10.8,8.85,13.71,10.61
4781Z,temps_code3,0,2.33,0.9,4.4,7.03
4789Z,temps_code3,0,2.33,0.9,4.4,7.03
4791A,temps_code3,0,2.33,0.9,4.4,7.03
4791B,temps_code3,2,10.8,8.85,13.71,10.61
4791b,temps_code3,0,2.33,0.9,4.4,7.03
4799A,temps_code3,0,2.33,0.9,4.4,7.03
4932Z,temps_code3,0,2.33,0.9,4.4,7.03
4939B,temps_code3,2,10.8,8.85,13.71,10.61
4941A,temps_code3,2,10.8,8.85,13.71,10.61
4941B,temps_code3,0,2.33,0.9,4.4,7.03
5223Z,temps_code3,0,2.33,0.9,4.4,7.03
5229B,temps_code3,1,22.17,19.52,27.18,21.06
5320Z,temps_code3,3,46.8,41.92,57.325,89.85
5510Z,temps_code3,2,10.8,8.85,13.71,10.61
5520Z,temps_code3,0,2.33,0.9,4.4,7.03
5530Z,temps_code3,0,2.33,0.9,4.4,7.03
5610A,temps_code3,2,10.8,8.85,13.71,10.61
5610C,temps_code3,2,10.8,8.85,13.71,10.61
5610a,temps_code3,2,10.8,8.85,13.71,10.61
5610c,temps_code3,0,2.33,0.9,4.4,7.03
5621Z,temps_code3,2,10.8,8.85,13.71,10.61
5630Z,temps_code3,2,10.8,8.85,13.71,10.61
5811Z,temps_code3,0,2.33,0.9,4.4,7.03
5814Z,temps_code3,0,2.33,0.9,4.4,7.03
5819Z,temps_code3,2,10.8,8.85,13.71,10.61
5829C,temps_code3,0,2.33,0.9,4.4,7.03
5911A,temps_code3,0,2.33,0.9,4.4,7.03
5911B,temps_code3,0,2.33,0.9,4.4,7.03
5911C,temps_code3,2,10.8,8.85,13.71,10.61
5920Z,temps_code3,0,2.33,0.9,4.4,7.03
6201Z,temps_code3,2,10.8,8.85,13.71,10.61
6202A,temps_code3,0,2.33,0.9,4.4,7.03
6209Z,temps_code3,1,22.17,19.52,27.18,21.06
6311Z,temps_code3,0,2.33,0.9,4.4,7.03
6312Z,temps_code3,0,2.33,0.9,4.4,7.03
6420Z,temps_code3,0,2.33,0.9,4.4,7.03
6420z,temps_code3,0,2.33,0.9,4.4,7.03
6430Z,temps_code3,0,2.33,0.9,4.4,7.03
6492Z,temps_code3,0,2.33,0.9,4.4,7.03
6619A,temps_code3,0,2.33,0.9,4.4,7.03
6619B,temps_code3,0,2.33,0.9,4.4,7.03
6619a,temps_code3,0,2.33,0.9,4.4,7.03
6622Z,temps_code3,0,2.33,0.9,4.4,7.03
6630Z,temps_code3,0,2.33,0.9,4.4,7.03
6810Z,temps_code3,0,2.33,0.9,4.4,7.03
6820A,temps_code3,0,2.33,0.9,4.4,7.03
6820B,temps_code3,0,2.33,0.9,4.4,7.03
6820b,temps_code3,0,2.33,0.9,4.4,7.03
6831Z,temps_code3,0,2.33,0.9,4.4,7.03
6832A,temps_code3,0,2.33,0.9,4.4,7.03
6832B,temps_code3,0,2.33,0.9,4.4,7.03
6910Z,temps_code3,0,2.33,0.9,4.4,7.03
6910z,temps_code3,0,2.33,0.9,4.4,7.03
7010Z,temps_code3,0,2.33,0.9,4.4,7.03
7021Z,temps_code3,0,2.33,0.9,4.4,7.03
7022Z,temps_code3,0,2.33,0.9,4.4,7.03
7111Z,temps_code3,0,2.33,0.9,4.4,7.03
7112A,temps_code3,0,2.33,0.9,4.4,7.03
7112B,temps_code3,2,10.8,8.85,13.71,10.61
7112b,temps_code3,0,2.33,0.9,4.4,7.03
7120A,temps_code3,2,10.8,8.85,13.71,10.61
7120B,temps_code3,0,2.33,0.9,4.4,7.03
7219Z,temps_code3,0,2.33,0.9,4.4,7.03
7311Z,temps_code3,0,2.33,0.9,4.4,7.03
7312Z,temps_code3,2,10.8,8.85,13.71,10.61
7410Z,temps_code3,2,10.8,8.85,13.71,10.61
7420Z,temps_code3,0,2.33,0.9,4.4,7.03
7490A,temps_code3,2,10.8,8.85,13.71,10.61
7490B,temps_code3,0,2.33,0.9,4.4,7.03
7490b,temps_code3,0,2.33,0.9,4.4,7.03
7500Z,temps_code3,0,2.33,0.9,4.4,7.03
7711A,temps_code3,2,10.8,8.85,13.71,10.61
7721Z,temps_code3,0,2.33,0.9,4.4,7.03
7729Z,temps_code3,2,10.8,8.85,13.71,10.61
7729z,temps_code3,0,2.33,0.9,4.4,7.03
7732Z,temps_code3,2,10.8,8.85,13.71,10.61
7739Z,temps_code3,0,2.33,0.9,4.4,7.03
7740Z,temps_code3,0,2.33,0.9,4.4,7.03
7820Z,temps_code3,0,2.33,0.9,4.4,7.03
7911Z,temps_code3,1,22.17,19.52,27.18,21.06
7912Z,temps_code3,1,22.17,19.52,27.18,21.06
7990Z,temps_code3,0,2.33,0.9,4.4,7.03
8010Z,temps_code3,2,10.8,8.85,13.71,10.61
8121Z,temps_code3,1,22.17,19.52,27.18,21.06
8122Z,temps_code3,0,2.33,0.9,4.4,7.03
8129A,temps_code3,0,2.33,0.9,4.4,7.03
8129B,temps_code3,1,22.17,19.52,27.18,21.06
8130Z,temps_code3,2,10.8,8.85,13.71,10.61
8211Z,temps_code3,0,2.33,0.9,4.4,7.03
8219Z,temps_code3,0,2.33,0.9,4.4,7.03
8220Z,temps_code3,0,2.33,0.9,4.4,7.03
8230Z,temps_code3,0,2.33,0.9,4.4,7.03
8299Z,temps_code3,0,2.33,0.9,4.4,7.03
8551Z,temps_code3,0,2.33,0.9,4.4,7.03
8552Z,temps_code3,0,2.33,0.9,4.4,7.03
8553Z,temps_code3,2,10.8,8.85,13.71,10.61
8559A,temps_code3,0,2.33,0.9,4.4,7.03
8559B,temps_code3,0,2.33,0.9,4.4,7.03
8621Z,temps_code3,0,2.33,0.9,4.4,7.03
8622C,temps_code3,0,2.33,0.9,4.4,7.03
8623Z,temps_code3,2,10.8,8.85,13.71,10.61
8690A,temps_code3,2,10.8,8.85,13.71,10.61
8690D,temps_code3,0,2.33,0.9,4.4,7.03
8690E,temps_code3,0,2.33,0.9,4.4,7.03
8690F,temps_code3,0,2.33,0.9,4.4,7.03
8690d,temps_code3,0,2.33,0.9,4.4,7.03
8690e,temps_code3,0,2.33,0.9,4.4,7.03
8720A,temps_code3,2,10.8,8.85,13.71,10.61
8790A,temps_code3,0,2.33,0.9,4.4,7.03
8810A,temps_code3,0,2.33,0.9,4.4,7.03
8891A,temps_code3,0,2.33,0.9,4.4,7.03
9001Z,temps_code3,0,2.33,0.9,4.4,7.03
9002Z,temps_code3,0,2.33,0.9,4.4,7.03
9003B,temps_code3,0,2.33,0.9,4.4,7.03
9004Z,temps_code3,2,10.8,8.85,13.71,10.61
9311Z,temps_code3,2,10.8,8.85,13.71,10.61
9312Z,temps_code3,2,10.8,8.85,13.71,10.61
9313Z,temps_code3,2,10.8,8.85,13.71,10.61
9329Z,temps_code3,0,2.33,0.9,4.4,7.03
9329z,temps_code3,2,10.8,8.85,13.71,10.61
9411Z,temps_code3,0,2.33,0.9,4.4,7.03
9412Z,temps_code3,0,2.33,0.9,4.4,7.03
9499Z,temps_code3,0,2.33,0.9,4.4,7.03
9511Z,temps_code3,2,10.8,8.85,13.71,10.61
9512Z,temps_code3,0,2.33,0.9,4.4,7.03
9522Z,temps_code3,2,10.8,8.85,13.71,10.61
9525Z,temps_code3,0,2.33,0.9,4.4,7.03
9529Z,temps_code3,0,2.33,0.9,4.4,7.03
9601B,temps_code3,0,2.33,0.9,4.4,7.03
9602A,temps_code3,2,10.8,8.85,13.71,10.61
9602B,temps_code3,2,10.8,8.85,13.71,10.61
9602a,temps_code3,0,2.33,0.9,4.4,7.03
9604Z,temps_code3,0,2.33,0.9,4.4,7.03
9609Z,temps_code3,0,2.33,0.9,4.4,7.03
IRPP,temps_code3,0,2.33,0.9,4.4,7.03
LMNP,temps_code3,0,2.33,0.9,4.4,7.03
0121Z,temps_code4,1,0.5,0.25,1.0,1.3
0128Z,temps_code4,1,0.5,0.25,1.0,1.3
0130Z,temps_code4,3,2.05,1.75,2.35,1.3200000000000003
0147Z,temps_code4,3,2.05,1.75,2.35,1.3200000000000003
0149Z,temps_code4,0,3.25,2.95,3.65,2.05
0161Z,temps_code4,0,3.25,2.95,3.65,2.05
0162Z,temps_code4,0,3.25,2.95,3.65,2.05
0240Z,temps_code4,3,2.05,1.75,2.35,1.3200000000000003
1013B,temps_code4,3,2.05,1.75,2.35,1.3200000000000003
1020Z,temps_code4,3,2.05,1.75,2.35,1.3200000000000003
1071C,temps_code4,3,2.05,1.75,2.35,1.3200000000000003
1071D,temps_code4,1,0.5,0.25,1.0,1.3
1071c,temps_code4,3,2.05,1.75,2.35,1.3200000000000003
1071d,temps_code4,1,0.5,0.25,1.0,1.3
1072Z,temps_code4,3,2.05,1.75,2.35,1.3200000000000003
1082Z,temps_code4,3,2.05,1.75,2.35,1.3200000000000003
1083Z,temps_code4,3,2.05,1.75,2.35,1.3200000000000003
1101Z,temps_code4,3,2.05,1.75,2.35,1.3200000000000003
1399Z,temps_code4,0,3.25,2.95,3.65,2.05
1412Z,temps_code4,1,0.5,0.25,1.0,1.3
1610B,temps_code4,3,2.05,1.75,2.35,1.3200000000000003
1624Z,temps_code4,0,3.25,2.95,3.65,2.05
1629Z,temps_code4,0,3.25,2.95,3.65,2.05
1721B,temps_code4,0,3.25,2.95,3.65,2.05
1812Z,temps_code4,1,0.5,0.25,1.0,1.3
1813Z,temps_code4,3,2.05,1.75,2.35,1.3200000000000003
2222Z,temps_code4,1,0.5,0.25,1.0,1.3
2229B,temps_code4,1,0.5,0.25,1.0,1.3
2312Z,temps_code4,0,3.25,2.95,3.65,2.05
2370Z,temps_code4,0,3.25,2.95,3.65,2.05
2511Z,temps_code4,0,3.25,2.95,3.65,2.05
2512Z,temps_code4,3,2.05,1.75,2.35,1.3200000000000003
2540Z,temps_code4,0,3.25,2.95,3.65,2.05
2561Z,temps_code4,1,0.5,0.25,1.0,1.3
2562B,temps_code4,0,3.25,2.95,3.65,2.05
2612Z,temps_code4,0,3.25,2.95,3.65,2.05
2660Z,temps_code4,1,0.5,0.25,1.0,1.3
2812Z,temps_code4,1,0.5,0.25,1.0,1.3
2829A,temps_code4,1,0.5,0.25,1.0,1.3
2849z,temps_code4,3,2.05,1.75,2.35,1.3200000000000003
2899A,temps_code4,0,3.25,2.95,3.65,2.05
2899B,temps_code4,0,3.25,2.95,3.65,2.05
2920Z,temps_code4,1,0.5,0.25,1.0,1.3
3012Z,temps_code4,3,2.05,1.75,2.35,1.3200000000000003
3109B,temps_code4,1,0.5,0.25,1.0,1.3
3250A,temps_code4,3,2.05,1.75,2.35,1.3200000000000003
3312Z,temps_code4,3,2.05,1.75,2.35,1.3200000000000003
3320A,temps_code4,0,3.25,2.95,3.65,2.05
3320B,temps_code4,1,0.5,0.25,1.0,1.3
3320C,temps_code4,3,2.05,1.75,2.35,1.3200000000000003
3320D,temps_code4,0,3.25,2.95,3.65,2.05
3511Z,temps_code4,3,2.05,1.75,2.35,1.3200000000000003
4110A,temps_code4,0,3.25,2.95,3.65,2.05
4120A,temps_code4,3,2.05,1.75,2.35,1.3200000000000003
4120B,temps_code4,0,3.25,2.95,3.65,2.05
4312A,temps_code4,0,3.25,2.95,3.65,2.05
4321A,temps_code4,3,2.05,1.75,2.35,1.3200000000000003
4321B,temps_code4,0,3.25,2.95,3.65,2.05
4321a,temps_code4,1,0.5,0.25,1.0,1.3
4322A,temps_code4,3,2.05,1.75,2.35,1.3200000000000003
4322B,temps_code4,3,2.05,1.75,2.35,1.3200000000000003
4329A,temps_code4,3,2.05,1.75,2.35,1.3200000000000003
4329B,temps_code4,3,2.05,1.75,2.35,1.3200000000000003
4331Z,temps_code4,3,2.05,1.75,2.35,1.3200000000000003
4332A,temps_code4,3,2.05,1.75,2.35,1.3200000000000003
4332B,temps_code4,3,2.05,1.75,2.35,1.3200000000000003
4332C,temps_code4,0,3.25,2.95,3.65,2.05
4332b,temps_code4,3,2.05,1.75,2.35,1.3200000000000003
4333Z,temps_code4,3,2.05,1.75,2.35,1.3200000000000003
4334Z,temps_code4,3,2.05,1.75,2.35,1.3200000000000003
4339Z,temps_code4,3,2.05,1.75,2.35,1.3200000000000003
4391A,temps_code4,3,2.05,1.75,2.35,1.3200000000000003
4391B,temps_code4,3,2.05,1.75,2.35,1.3200000000000003
4399A,temps_code4,0,3.25,2.95,3.65,2.05
4399B,temps_code4,0,3.25,2.95,3.65,2.05
4399C,temps_code4,3,2.05,1.75,2.35,1.3200000000000003
4399D,temps_code4,0,3.25,2.95,3.65,2.05
4399E,temps_code4,3,2.05,1.75,2.35,1.3200000000000003
4511Z,temps_code4,3,2.05,1.75,2.35,1.3200000000000003
4511z,temps_code4,3,2.05,1.75,2.35,1.3200000000000003
4519Z,temps_code4,3,2.05,1.75,2.35,1.3200000000000003
4520A,temps_code4,3,2.05,1.75,2.35,1.3200000000000003
4532Z,temps_code4,1,0.5,0.25,1.0,1.3
4540Z,temps_code4,1,0.5,0.25,1.0,1.3
4613Z,temps_code4,3,2.05,1.75,2.35,1.3200000000000003
4618Z,temps_code4,3,2.05,1.75,2.35,1.3200000000000003
4619A,temps_code4,0,3.25,2.95,3.65,2.05
4619B,temps_code4,3,2.05,1.75,2.35,1.3200000000000003
4623Z,temps_code4,3,2.05,1.75,2.35,1.3200000000000003
4631Z,temps_code4,3,2.05,1.75,2.35,1.3200000000000003
4634Z,temps_code4,3,2.05,1.75,2.35,1.3200000000000003
4646Z,temps_code4,0,3.25,2.95,3.65,2.05
4647Z,temps_code4,3,2.05,1.75,2.35,1.3200000000000003
4649Z,temps_code4,3,2.05,1.75,2.35,1.3200000000000003
4651Z,temps_code4,3,2.05,1.75,2.35,1.3200000000000003
4669A,temps_code4,1,0.5,0.25,1.0,1.3
4669B,temps_code4,0,3.25,2.95,3.65,2.05
4669C,temps_code4,1,0.5,0.25,1.0,1.3
4672Z,temps_code4,3,2.05,1.75,2.35,1.3200000000000003
4673A,temps_code4,3,2.05,1.75,2.35,1.3200000000000003
4673B,temps_code4,0,3.25,2.95,3.65,2.05
4674A,temps_code4,0,3.25,2.95,3.65,2.05
4690Z,temps_code4,1,0.5,0.25,1.0,1.3
4711B,temps_code4,3,2.05,1.75,2.35,1.3200000000000003
4711C,temps_code4,3,2.05,1.75,2.35,1.3200000000000003
4711D,temps_code4,3,2.05,1.75,2.35,1.3200000000000003
4721Z,temps_code4,1,0.5,0.25,1.0,1.3
4722Z,temps_code4,3,2.05,1.75,2.35,1.3200000000000003
4725Z,temps_code4,0,3.25,2.95,3.65,2.05
4726Z,temps_code4,3,2.05,1.75,2.35,1.3200000000000003
4729Z,temps_code4,3,2.05,1.75,2.35,1.3200000000000003
4754Z,temps_code4,3,2.05,1.75,2.35,1.3200000000000003
4759A,temps_code4,0,3.25,2.95,3.65,2.05
4759B,temps_code4,3,2.05,1.75,2.35,1.3200000000000003
4761Z,temps_code4,0,3.25,2.95,3.65,2.05
4762Z,temps_code4,1,0.5,0.25,1.0,1.3
4764Z,temps_code4,3,2.05,1.75,2.35,1.3200000000000003
4765Z,temps_code4,3,2.05,1.75,2.35,1.3200000000000003
4765z,temps_code4,3,2.05,1.75,2.35,1.3200000000000003
4771Z,temps_code4,0,3.25,2.95,3.65,2.05
4772A,temps_code4,0,3.25,2.95,3.65,2.05
4773Z,temps_code4,3,2.05,1.75,2.35,1.3200000000000003
4774Z,temps_code4,3,2.05,1.75,2.35,1.3200000000000003
4775Z,temps_code4,3,2.05,1.75,2.35,1.3200000000000003
4776Z,temps_code4,3,2.05,1.75,2.35,1.3200000000000003
4778A,temps_code4,3,2.05,1.75,2.35,1.3200000000000003
4778C,temps_code4,3,2.05,1.75,2.35,1.3200000000000003
4781Z,temps_code4,1,0.5,0.25,1.0,1.3
4789Z,temps_code4,3,2.05,1.75,2.35,1.3200000000000003
4791A,temps_code4,3,2.05,1.75,2.35,1.3200000000000003
4791B,temps_code4,0,3.25,2.95,3.65,2.05
4791b,temps_code4,3,2.05,1.75,2.35,1.3200000000000003
4932Z,temps_code4,3,2.05,1.75,2.35,1.3200000000000003
4939B,temps_code4,3,2.05,1.75,2.35,1.3200000000000003
4941A,temps_code4,3,2.05,1.75,2.35,1.3200000000000003
4941B,temps_code4,3,2.05,1.75,2.35,1.3200000000000003
5229B,temps_code4,0,3.25,2.95,3.65,2.05
5320Z,temps_code4,1,0.5,0.25,1.0,1.3
5510Z,temps_code4,0,3.25,2.95,3.65,2.05
5520Z,temps_code4,1,0.5,0.25,1.0,1.3
5530Z,temps_code4,0,3.25,2.95,3.65,2.05
5610A,temps_code4,3,2.05,1.75,2.35,1.3200000000000003
5610C,temps_code4,3,2.05,1.75,2.35,1.3200000000000003
5610a,temps_code4,3,2.05,1.75,2.35,1.3200000000000003
5610c,temps_code4,0,3.25,2.95,3.65,2.05
5621Z,temps_code4,0,3.25,2.95,3.65,2.05
5630Z,temps_code4,3,2.05,1.75,2.35,1.3200000000000003
5811Z,temps_code4,3,2.05,1.75,2.35,1.3200000000000003
5819Z,temps_code4,0,3.25,2.95,3.65,2.05
5829C,temps_code4,0,3.25,2.95,3.65,2.05
5911A,temps_code4,3,2.05,1.75,2.35,1.3200000000000003
5911B,temps_code4,3,2.05,1.75,2.35,1.3200000000000003
5911C,temps_code4,0,3.25,2.95,3.65,2.05
5920Z,temps_code4,3,2.05,1.75,2.35,1.3200000000000003
6201Z,temps_code4,3,2.05,1.75,2.35,1.3200000000000003
6202A,temps_code4,3,2.05,1.75,2.35,1.3200000000000003
6209Z,temps_code4,0,3.25,2.95,3.65,2.05
6311Z,temps_code4,1,0.5,0.25,1.0,1.3
6312Z,temps_code4,1,0.5,0.25,1.0,1.3
6420Z,temps_code4,3,2.05,1.75,2.35,1.3200000000000003
6420z,temps_code4,0,3.25,2.95,3.65,2.05
6492Z,temps_code4,0,3.25,2.95,3.65,2.05
6619A,temps_code4,1,0.5,0.25,1.0,1.3
6619B,temps_code4,3,2.05,1.75,2.35,1.3200000000000003
6622Z,temps_code4,1,0.5,0.25,1.0,1.3
6630Z,temps_code4,1,0.5,0.25,1.0,1.3
6810Z,temps_code4,3,2.05,1.75,2.35,1.3200000000000003
6820A,temps_code4,1,0.5,0.25,1.0,1.3
6820B,temps_code4,1,0.5,0.25,1.0,1.3
6831Z,temps_code4,3,2.05,1.75,2.35,1.3200000000000003
6832A,temps_code4,1,0.5,0.25,1.0,1.3
6832B,temps_code4,1,0.5,0.25,1.0,1.3
6910Z,temps_code4,1,0.5,0.25,1.0,1.3
7010Z,temps_code4,3,2.05,1.75,2.35,1.3200000000000003
7021Z,temps_code4,3,2.05,1.75,2.35,1.3200000000000003
7022Z,temps_code4,3,2.05,1.75,2.35,1.3200000000000003
7111Z,temps_code4,3,2.05,1.75,2.35,1.3200000000000003
7112A,temps_code4,3,2.05,1.75,2.35,1.3200000000000003
7112B,temps_code4,1,0.5,0.25,1.0,1.3
7112b,temps_code4,3,2.05,1.75,2.35,1.3200000000000003
7120A,temps_code4,3,2.05,1.75,2.35,1.3200000000000003
7120B,temps_code4,0,3.25,2.95,3.65,2.05
7219Z,temps_code4,3,2.05,1.75,2.35,1.3200000000000003
7311Z,temps_code4,3,2.05,1.75,2.35,1.3200000000000003
7312Z,temps_code4,3,2.05,1.75,2.35,1.3200000000000003
7410Z,temps_code4,3,2.05,1.75,2.35,1.3200000000000003
7420Z,temps_code4,3,2.05,1.75,2.35,1.3200000000000003
7490B,temps_code4,3,2.05,1.75,2.35,1.3200000000000003
7490b,temps_code4,2,5.775,5.2275,6.7924999999999995,7.89
7500Z,temps_code4,0,3.25,2.95,3.65,2.05
7711A,temps_code4,0,3.25,2.95,3.65,2.05
7721Z,temps_code4,1,0.5,0.25,1.0,1.3
7729Z,temps_code4,0,3.25,2.95,3.65,2.05
7729z,temps_code4,3,2.05,1.75,2.35,1.3200000000000003
7732Z,temps_code4,3,2.05,1.75,2.35,1.3200000000000003
7739Z,temps_code4,0,3.25,2.95,3.65,2.05
7820Z,temps_code4,3,2.05,1.75,2.35,1.3200000000000003
7911Z,temps_code4,0,3.25,2.95,3.65,2.05
7912Z,temps_code4,1,0.5,0.25,1.0,1.3
8010Z,temps_code4,1,0.5,0.25,1.0,1.3
8121Z,temps_code4,3,2.05,1.75,2.35,1.3200000000000003
8122Z,temps_code4,3,2.05,1.75,2.35,1.3200000000000003
8130Z,temps_code4,3,2.05,1.75,2.35,1.3200000000000003
8211Z,temps_code4,3,2.05,1.75,2.35,1.3200000000000003
8219Z,temps_code4,3,2.05,1.75,2.35,1.3200000000000003
8230Z,temps_code4,3,2.05,1.75,2.35,1.3200000000000003
8230z,temps_code4,1,0.5,0.25,1.0,1.3
8299Z,temps_code4,3,2.05,1.75,2.35,1.3200000000000003
8551Z,temps_code4,1,0.5,0.25,1.0,1.3
8552Z,temps_code4,0,3.25,2.95,3.65,2.05
8553Z,temps_code4,2,5.775,5.2275,6.7924999999999995,7.89
8559A,temps_code4,3,2.05,1.75,2.35,1.3200000000000003
8559B,temps_code4,0,3.25,2.95,3.65,2.05
8621Z,temps_code4,1,0.5,0.25,1.0,1.3
8622C,temps_code4,3,2.05,1.75,2.35,1.3200000000000003
8623Z,temps_code4,3,2.05,1.75,2.35,1.3200000000000003
8690A,temps_code4,3,2.05,1.75,2.35,1.3200000000000003
8690D,temps_code4,1,0.5,0.25,1.0,1.3
8690E,temps_code4,1,0.5,0.25,1.0,1.3
8690F,temps_code4,1,0.5,0.25,1.0,1.3
8810A,temps_code4,3,2.05,1.75,2.35,1.3200000000000003
8891A,temps_code4,3,2.05,1.75,2.35,1.3200000000000003
9001Z,temps_code4,3,2.05,1.75,2.35,1.3200000000000003
9002Z,temps_code4,3,2.05,1.75,2.35,1.3200000000000003
9004Z,temps_code4,3,2.05,1.75,2.35,1.3200000000000003
9311Z,temps_code4,0,3.25,2.95,3.65,2.05
9312Z,temps_code4,0,3.25,2.95,3.65,2.05
9313Z,temps_code4,3,2.05,1.75,2.35,1.3200000000000003
9329Z,temps_code4,3,2.05,1.75,2.35,1.3200000000000003
9329z,temps_code4,3,2.05,1.75,2.35,1.3200000000000003
9411Z,temps_code4,1,0.5,0.25,1.0,1.3
9511Z,temps_code4,3,2.05,1.75,2.35,1.3200000000000003
9522Z,temps_code4,1,0.5,0.25,1.0,1.3
9525Z,temps_code4,3,2.05,1.75,2.35,1.3200000000000003
9529Z,temps_code4,0,3.25,2.95,3.65,2.05
9601B,temps_code4,3,2.05,1.75,2.35,1.3200000000000003
9602A,temps_code4,3,2.05,1.75,2.35,1.3200000000000003
9602B,temps_code4,3,2.05,1.75,2.35,1.3200000000000003
9602a,temps_code4,1,0.5,0.25,1.0,1.3
9604Z,temps_code4,3,2.05,1.75,2.35,1.3200000000000003
9609Z,temps_code4,3,2.05,1.75,2.35,1.3200000000000003
0111Z,temps_code5,2,1.83,0.75,4.545,10.959999999999999
0128Z,temps_code5,0,38.02,32.97,44.489999999999995,28.700000000000003
0130Z,temps_code5,3,18.65,14.7,23.0,18.16
0143Z,temps_code5,2,1.83,0.75,4.545,10.959999999999999
0147Z,temps_code5,2,1.83,0.75,4.545,10.959999999999999
0149Z,temps_code5,2,1.83,0.75,4.545,10.959999999999999
0161Z,temps_code5,2,1.83,0.75,4.545,10.959999999999999
0162Z,temps_code5,2,1.83,0.75,4.545,10.959999999999999
0240Z,temps_code5,2,1.83,0.75,4.545,10.959999999999999
1013B,temps_code5,3,18.65,14.7,23.0,18.16
1020Z,temps_code5,2,1.83,0.75,4.545,10.959999999999999
1071C,temps_code5,3,18.65,14.7,23.0,18.16
1071D,temps_code5,1,70.4,64.165,82.375,172.13
1071c,temps_code5,0,38.02,32.97,44.489999999999995,28.700000000000003
1071d,temps_code5,0,38.02,32.97,44.489999999999995,28.700000000000003
1072Z,temps_code5,2,1.83,0.75,4.545,10.959999999999999
1073Z,temps_code5,0,38.02,32.97,44.489999999999995,28.700000000000003
1082Z,temps_code5,2,1.83,0.75,4.545,10.959999999999999
1083Z,temps_code5,3,18.65,14.7,23.0,18.16
1101Z,temps_code5,3,18.65,14.7,23.0,18.16
1105Z,temps_code5,2,1.83,0.75,4.545,10.959999999999999
1412Z,temps_code5,0,38.02,32.97,44.489999999999995,28.700000000000003
1413Z,temps_code5,2,1.83,0.75,4.545,10.959999999999999
1624Z,temps_code5,0,38.02,32.97,44.489999999999995,28.700000000000003
1629Z,temps_code5,0,38.02,32.97,44.489999999999995,28.700000000000003
1721B,temps_code5,2,1.83,0.75,4.545,10.959999999999999
1812Z,temps_code5,2,1.83,0.75,4.545,10.959999999999999
1813Z,temps_code5,1,70.4,64.165,82.375,172.13
2229B,temps_code5,2,1.83,0.75,4.545,10.959999999999999
2312Z,temps_code5,3,18.65,14.7,23.0,18.16
2319Z,temps_code5,2,1.83,0.75,4.545,10.959999999999999
2370Z,temps_code5,3,18.65,14.7,23.0,18.16
2511Z,temps_code5,2,1.83,0.75,4.545,10.959999999999999
2512Z,temps_code5,2,1.83,0.75,4.545,10.959999999999999
2540Z,temps_code5,2,1.83,0.75,4.545,10.959999999999999
2561Z,temps_code5,2,1.83,0.75,4.545,10.959999999999999
2562B,temps_code5,0,38.02,32.97,44.489999999999995,28.700000000000003
2612Z,temps_code5,2,1.83,0.75,4.545,10.959999999999999
2660Z,temps_code5,1,70.4,64.165,82.375,172.13
2812Z,temps_code5,3,18.65,14.7,23.0,18.16
2829B,temps_code5,2,1.83,0.75,4.545,10.959999999999999
2849z,temps_code5,0,38.02,32.97,44.489999999999995,28.700000000000003
2899B,temps_code5,0,38.02,32.97,44.489999999999995,28.700000000000003
2920Z,temps_code5,2,1.83,0.75,4.545,10.959999999999999
3109B,temps_code5,2,1.83,0.75,4.545,10.959999999999999
3212Z,temps_code5,3,18.65,14.7,23.0,18.16
3250A,temps_code5,3,18.65,14.7,23.0,18.16
3312Z,temps_code5,0,38.02,32.97,44.489999999999995,28.700000000000003
3320A,temps_code5,3,18.65,14.7,23.0,18.16
3320B,temps_code5,3,18.65,14.7,23.0,18.16
3320C,temps_code5,2,1.83,0.75,4.545,10.959999999999999
3320D,temps_code5,1,70.4,64.165,82.375,172.13
3511Z,temps_code5,2,1.83,0.75,4.545,10.959999999999999
4110A,temps_code5,2,1.83,0.75,4.545,10.959999999999999
4110C,temps_code5,2,1.83,0.75,4.545,10.959999999999999
4110d,temps_code5,2,1.83,0.75,4.545,10.959999999999999
4120A,temps_code5,0,38.02,32.97,44.489999999999995,28.700000000000003
4120B,temps_code5,2,1.83,0.75,4.545,10.959999999999999
4299Z,temps_code5,2,1.83,0.75,4.545,10.959999999999999
4312A,temps_code5,3,18.65,14.7,23.0,18.16
4321A,temps_code5,2,1.83,0.75,4.545,10.959999999999999
4321B,temps_code5,2,1.83,0.75,4.545,10.959999999999999
4321a,temps_code5,1,70.4,64.165,82.375,172.13
4322A,temps_code5,2,1.83,0.75,4.545,10.959999999999999
4322B,temps_code5,2,1.83,0.75,4.545,10.959999999999999
4329A,temps_code5,2,1.83,0.75,4.545,10.959999999999999
4329B,temps_code5,0,38.02,32.97,44.489999999999995,28.700000000000003
4331Z,temps_code5,3,18.65,14.7,23.0,18.16
4332A,temps_code5,2,1.83,0.75,4.545,10.959999999999999
4332C,temps_code5,2,1.83,0.75,4.545,10.959999999999999
4332b,temps_code5,3,18.65,14.7,23.0,18.16
4333Z,temps_code5,2,1.83,0.75,4.545,10.959999999999999
4334Z,temps_code5,2,1.83,0.75,4.545,10.959999999999999
4339Z,temps_code5,2,1.83,0.75,4.545,10.959999999999999
4391A,temps_code5,3,18.65,14.7,23.0,18.16
4391B,temps_code5,2,1.83,0.75,4.545,10.959999999999999
4399A,temps_code5,0,38.02,32.97,44.489999999999995,28.700000000000003
4399B,temps_code5,2,1.83,0.75,4.545,10.959999999999999
4399C,temps_code5,3,18.65,14.7,23.0,18.16
4399D,temps_code5,3,18.65,14.7,23.0,18.16
4399E,temps_code5,2,1.83,0.75,4.545,10.959999999999999
4511Z,temps_code5,2,1.83,0.75,4.545,10.959999999999999
4511z,temps_code5,1,70.4,64.165,82.375,172.13
4519Z,temps_code5,2,1.83,0.75,4.545,10.959999999999999
4520A,temps_code5,0,38.02,32.97,44.489999999999995,28.700000000000003
4532Z,temps_code5,1,70.4,64.165,82.375,172.13
4540Z,temps_code5,1,70.4,64.165,82.375,172.13
4613Z,temps_code5,2,1.83,0.75,4.545,10.959999999999999
4618Z,temps_code5,2,1.83,0.75,4.545,10.959999999999999
4619A,temps_code5,2,1.83,0.75,4.545,10.959999999999999
4619B,temps_code5,2,1.83,0.75,4.545,10.959999999999999
4623Z,temps_code5,2,1.83,0.75,4.545,10.959999999999999
4631Z,temps_code5,2,1.83,0.75,4.545,10.959999999999999
4634Z,temps_code5,3,18.65,14.7,23.0,18.16
4641Z,temps_code5,3,18.65,14.7,23.0,18.16
4645Z,temps_code5,0,38.02,32.97,44.489999999999995,28.700000000000003
4646Z,temps_code5,2,1.83,0.75,4.545,10.959999999999999
4647Z,temps_code5,2,1.83,0.75,4.545,10.959999999999999
4649Z,temps_code5,3,18.65,14.7,23.0,18.16
4651Z,temps_code5,2,1.83,0.75,4.545,10.959999999999999
4669A,temps_code5,2,1.83,0.75,4.545,10.959999999999999
4669B,temps_code5,2,1.83,0.75,4.545,10.959999999999999
4669C,temps_code5,0,38.02,32.97,44.489999999999995,28.700000000000003
4672Z,temps_code5,2,1.83,0.75,4.545,10.959999999999999
4673A,temps_code5,0,38.02,32.97,44.489999999999995,28.700000000000003
4673B,temps_code5,1,70.4,64.165,82.375,172.13
4674A,temps_code5,2,1.83,0.75,4.545,10.959999999999999
4690Z,temps_code5,2,1.83,0.75,4.545,10.959999999999999
4711B,temps_code5,3,18.65,14.7,23.0,18.16
4711C,temps_code5,0,38.02,32.97,44.489999999999995,28.700000000000003
4711D,temps_code5,1,70.4,64.165,82.375,172.13
4721Z,temps_code5,2,1.83,0.75,4.545,10.959999999999999
4721z,temps_code5,0,38.02,32.97,44.489999999999995,28.700000000000003
4722Z,temps_code5,0,38.02,32.97,44.489999999999995,28.700000000000003
4725Z,temps_code5,3,18.65,14.7,23.0,18.16
4726Z,temps_code5,0,38.02,32.97,44.489999999999995,28.700000000000003
4729Z,temps_code5,3,18.65,14.7,23.0,18.16
4754Z,temps_code5,0,38.02,32.97,44.489999999999995,28.700000000000003
4759A,temps_code5,1,70.4,64.165,82.375,172.13
4759B,temps_code5,2,1.83,0.75,4.545,10.959999999999999
4761Z,temps_code5,0,38.02,32.97,44.489999999999995,28.700000000000003
4762Z,temps_code5,0,38.02,32.97,44.489999999999995,28.700000000000003
4764Z,temps_code5,2,1.83,0.75,4.545,10.959999999999999
4765Z,temps_code5,2,1.83,0.75,4.545,10.959999999999999
4771Z,temps_code5,2,1.83,0.75,4.545,10.959999999999999
4772A,temps_code5,0,38.02,32.97,44.489999999999995,28.700000000000003
4773Z,temps_code5,2,1.83,0.75,4.545,10.959999999999999
4774Z,temps_code5,2,1.83,0.75,4.545,10.959999999999999
4775Z,temps_code5,2,1.83,0.75,4.545,10.959999999999999
4776Z,temps_code5,3,18.65,14.7,23.0,18.16
4778A,temps_code5,3,18.65,14.7,23.0,18.16
4778C,temps_code5,2,1.83,0.75,4.545,10.959999999999999
4781Z,temps_code5,2,1.83,0.75,4.545,10.959999999999999
4789Z,temps_code5,2,1.83,0.75,4.545,10.959999999999999
4791A,temps_code5,0,38.02,32.97,44.489999999999995,28.700000000000003
4791B,temps_code5,2,1.83,0.75,4.545,10.959999999999999
4791b,temps_code5,2,1.83,0.75,4.545,10.959999999999999
4932Z,temps_code5,2,1.83,0.75,4.545,10.959999999999999
4939B,temps_code5,1,70.4,64.165,82.375,172.13
4941A,temps_code5,2,1.83,0.75,4.545,10.959999999999999
4941B,temps_code5,2,1.83,0.75,4.545,10.959999999999999
5229B,temps_code5,2,1.83,0.75,4.545,10.959999999999999
5320Z,temps_code5,2,1.83,0.75,4.545,10.959999999999999
5510Z,temps_code5,3,18.65,14.7,23.0,18.16
5520Z,temps_code5,3,18.65,14.7,23.0,18.16
5530Z,temps_code5,0,38.02,32.97,44.489999999999995,28.700000000000003
5610A,temps_code5,3,18.65,14.7,23.0,18.16
5610C,temps_code5,3,18.65,14.7,23.0,18.16
5610c,temps_code5,0,38.02,32.97,44.489999999999995,28.700000000000003
5621Z,temps_code5,2,1.83,0.75,4.545,10.959999999999999
5630Z,temps_code5,0,38.02,32.97,44.489999999999995,28.700000000000003
5811Z,temps_code5,2,1.83,0.75,4.545,10.959999999999999
5814Z,temps_code5,2,1.83,0.75,4.545,10.959999999999999
5819Z,temps_code5,2,1.83,0.75,4.545,10.959999999999999
5829C,temps_code5,2,1.83,0.75,4.545,10.959999999999999
5911A,temps_code5,2,1.83,0.75,4.545,10.959999999999999
5911B,temps_code5,2,1.83,0.75,4.545,10.959999999999999
5911C,temps_code5,2,1.83,0.75,4.545,10.959999999999999
5920Z,temps_code5,2,1.83,0.75,4.545,10.959999999999999
6201Z,temps_code5,2,1.83,0.75,4.545,10.959999999999999
6202A,temps_code5,2,1.83,0.75,4.545,10.959999999999999
6209Z,temps_code5,3,18.65,14.7,23.0,18.16
6312Z,temps_code5,2,1.83,0.75,4.545,10.959999999999999
6420Z,temps_code5,2,1.83,0.75,4.545,10.959999999999999
6420z,temps_code5,2,1.83,0.75,4.545,10.959999999999999
6430Z,temps_code5,2,1.83,0.75,4.545,10.959999999999999
6619A,temps_code5,2,1.83,0.75,4.545,10.959999999999999
6619B,temps_code5,2,1.83,0.75,4.545,10.959999999999999
6622Z,temps_code5,2,1.83,0.75,4.545,10.959999999999999
6630Z,temps_code5,2,1.83,0.75,4.545,10.959999999999999
6810Z,temps_code5,2,1.83,0.75,4.545,10.959999999999999
6820A,temps_code5,2,1.83,0.75,4.545,10.959999999999999
6820B,temps_code5,2,1.83,0.75,4.545,10.959999999999999
6831Z,temps_code5,2,1.83,0.75,4.545,10.959999999999999
6832A,temps_code5,2,1.83,0.75,4.545,10.959999999999999
6832B,temps_code5,2,1.83,0.75,4.545,10.959999999999999
6910Z,temps_code5,2,1.83,0.75,4.545,10.959999999999999
6910z,temps_code5,2,1.83,0.75,4.545,10.959999999999999
7010Z,temps_code5,2,1.83,0.75,4.545,10.959999999999999
7021Z,temps_code5,2,1.83,0.75,4.545,10.959999999999999
7022Z,temps_code5,2,1.83,0.75,4.545,10.959999999999999
7111Z,temps_code5,2,1.83,0.75,4.545,10.959999999999999
7112A,temps_code5,3,18.65,14.7,23.0,18.16
7112B,temps_code5,2,1.83,0.75,4.545,10.959999999999999
7112b,temps_code5,2,1.83,0.75,4.545,10.959999999999999
7120A,temps_code5,2,1.83,0.75,4.545,10.959999999999999
7120B,temps_code5,2,1.83,0.75,4.545,10.959999999999999
7219Z,temps_code5,2,1.83,0.75,4.545,10.959999999999999
7311Z,temps_code5,2,1.83,0.75,4.545,10.959999999999999
7312Z,temps_code5,0,38.02,32.97,44.489999999999995,28.700000000000003
7410Z,temps_code5,3,18.65,14.7,23.0,18.16
7420Z,temps_code5,2,1.83,0.75,4.545,10.959999999999999
7490A,temps_code5,2,1.83,0.75,4.545,10.959999999999999
7490B,temps_code5,2,1.83,0.75,4.545,10.959999999999999
7490b,temps_code5,2,1.83,0.75,4.545,10.959999999999999
7500Z,temps_code5,2,1.83,0.75,4.545,10.959999999999999
7711A,temps_code5,0,38.02,32.97,44.489999999999995,28.700000000000003
7729Z,temps_code5,2,1.83,0.75,4.545,10.959999999999999
7729z,temps_code5,3,18.65,14.7,23.0,18.16
7732Z,temps_code5,2,1.83,0.75,4.545,10.959999999999999
7739Z,temps_code5,0,38.02,32.97,44.489999999999995,28.700000000000003
7740Z,temps_code5,2,1.83,0.75,4.545,10.959999999999999
7820Z,temps_code5,2,1.83,0.75,4.545,10.959999999999999
7911Z,temps_code5,1,70.4,64.165,82.375,172.13
7912Z,temps_code5,0,38.02,32.97,44.489999999999995,28.700000000000003
8010Z,temps_code5,3,18.65,14.7,23.0,18.16
8121Z,temps_code5,2,1.83,0.75,4.545,10.959999999999999
8122Z,temps_code5,2,1.83,0.75,4.545,10.959999999999999
8129B,temps_code5,1,70.4,64.165,82.375,172.13
8130Z,temps_code5,2,1.83,0.75,4.545,10.959999999999999
8211Z,temps_code5,2,1.83,0.75,4.545,10.959999999999999
8219Z,temps_code5,2,1.83,0.75,4.545,10.959999999999999
8230Z,temps_code5,2,1.83,0.75,4.545,10.959999999999999
8299Z,temps_code5,2,1.83,0.75,4.545,10.959999999999999
8551Z,temps_code5,2,1.83,0.75,4.545,10.959999999999999
8552Z,temps_code5,2,1.83,0.75,4.545,10.959999999999999
8553Z,temps_code5,3,18.65,14.7,23.0,18.16
8559A,temps_code5,2,1.83,0.75,4.545,10.959999999999999
8559B,temps_code5,3,18.65,14.7,23.0,18.16
8621Z,temps_code5,2,1.83,0.75,4.545,10.959999999999999
8622C,temps_code5,2,1.83,0.75,4.545,10.959999999999999
8623Z,temps_code5,2,1.83,0.75,4.545,10.959999999999999
8690A,temps_code5,0,38.02,32.97,44.489999999999995,28.700000000000003
8690D,temps_code5,2,1.83,0.75,4.545,10.959999999999999
8690E,temps_code5,2,1.83,0.75,4.545,10.959999999999999
8690F,temps_code5,2,1.83,0.75,4.545,10.959999999999999
8690d,temps_code5,2,1.83,0.75,4.545,10.959999999999999
8690e,temps_code5,2,1.83,0.75,4.545,10.959999999999999
8720A,temps_code5,2,1.83,0.75,4.545,10.959999999999999
8790A,temps_code5,2,1.83,0.75,4.545,10.959999999999999
8810A,temps_code5,2,1.83,0.75,4.545,10.959999999999999
8891A,temps_code5,3,18.65,14.7,23.0,18.16
9001Z,temps_code5,2,1.83,0.75,4.545,10.959999999999999
9002Z,temps_code5,2,1.83,0.75,4.545,10.959999999999999
9003B,temps_code5,2,1.83,0.75,4.545,10.959999999999999
9004Z,temps_code5,2,1.83,0.75,4.545,10.959999999999999
9311Z,temps_code5,2,1.83,0.75,4.545,10.959999999999999
9312Z,temps_code5,2,1.83,0.75,4.545,10.959999999999999
9313Z,temps_code5,3,18.65,14.7,23.0,18.16
9329Z,temps_code5,2,1.83,0.75,4.545,10.959999999999999
9329z,temps_code5,3,18.65,14.7,23.0,18.16
9411Z,temps_code5,2,1.83,0.75,4.545,10.959999999999999
9412Z,temps_code5,3,18.65,14.7,23.0,18.16
9499Z,temps_code5,2,1.83,0.75,4.545,10.959999999999999
9511Z,temps_code5,3,18.65,14.7,23.0,18.16
9512Z,temps_code5,2,1.83,0.75,4.545,10.959999999999999
9522Z,temps_code5,3,18.65,14.7,23.0,18.16
9525Z,temps_code5,3,18.65,14.7,23.0,18.16
9529Z,temps_code5,2,1.83,0.75,4.545,10.959999999999999
9601B,temps_code5,2,1.83,0.75,4.545,10.959999999999999
9602A,temps_code5,2,1.83,0.75,4.545,10.959999999999999
9602B,temps_code5,3,18.65,14.7,23.0,18.16
9602a,temps_code5,2,1.83,0.75,4.545,10.959999999999999
9604Z,temps_code5,2,1.83,0.75,4.545,10.959999999999999
9609Z,temps_code5,2,1.83,0.75,4.545,10.959999999999999
0111Z,temps_code6,0,5.455,2.6,7.7425,10.46
0128Z,temps_code6,3,31.95,27.99,40.55,34.14
0130Z,temps_code6,0,5.455,2.6,7.7425,10.46
0147Z,temps_code6,0,5.455,2.6,7.7425,10.46
0149Z,temps_code6,0,5.455,2.6,7.7425,10.46
0161Z,temps_code6,0,5.455,2.6,7.7425,10.46
0162Z,temps_code6,0,5.455,2.6,7.7425,10.46
0240Z,temps_code6,0,5.455,2.6,7.7425,10.46
1013B,temps_code6,0,5.455,2.6,7.7425,10.46
1020Z,temps_code6,0,5.455,2.6,7.7425,10.46
1071C,temps_code6,1,15.0,12.465,18.33,14.82
1071D,temps_code6,0,5.455,2.6,7.7425,10.46
1071c,temps_code6,1,15.0,12.465,18.33,14.82
1071d,temps_code6,1,15.0,12.465,18.33,14.82
1072Z,temps_code6,0,5.455,2.6,7.7425,10.46
1073Z,temps_code6,1,15.0,12.465,18.33,14.82
1082Z,temps_code6,1,15.0,12.465,18.33,14.82
1083Z,temps_code6,0,5.455,2.6,7.7425,10.46
1105Z,temps_code6,0,5.455,2.6,7.7425,10.46
1392Z,temps_code6,0,5.455,2.6,7.7425,10.46
1399Z,temps_code6,1,15.0,12.465,18.33,14.82
1412Z,temps_code6,3,31.95,27.99,40.55,34.14
1610B,temps_code6,3,31.95,27.99,40.55,34.14
1624Z,temps_code6,3,31.95,27.99,40.55,34.14
1629Z,temps_code6,1,15.0,12.465,18.33,14.82
1721B,temps_code6,1,15.0,12.465,18.33,14.82
1812Z,temps_code6,0,5.455,2.6,7.7425,10.46
1813Z,temps_code6,0,5.455,2.6,7.7425,10.46
2222Z,temps_code6,2,84.05,66.95,98.5,77.32000000000001
2229B,temps_code6,0,5.455,2.6,7.7425,10.46
2312Z,temps_code6,0,5.455,2.6,7.7425,10.46
2511Z,temps_code6,0,5.455,2.6,7.7425,10.46
2512Z,temps_code6,1,15.0,12.465,18.33,14.82
2561Z,temps_code6,0,5.455,2.6,7.7425,10.46
2562B,temps_code6,1,15.0,12.465,18.33,14.82
2612Z,temps_code6,0,5.455,2.6,7.7425,10.46
2660Z,temps_code6,0,5.455,2.6,7.7425,10.46
2812Z,temps_code6,0,5.455,2.6,7.7425,10.46
2829A,temps_code6,0,5.455,2.6,7.7425,10.46
2849z,temps_code6,1,15.0,12.465,18.33,14.82
2899A,temps_code6,0,5.455,2.6,7.7425,10.46
2899B,temps_code6,0,5.455,2.6,7.7425,10.46
2920Z,temps_code6,0,5.455,2.6,7.7425,10.46
3012Z,temps_code6,0,5.455,2.6,7.7425,10.46
3109B,temps_code6,0,5.455,2.6,7.7425,10.46
3212Z,temps_code6,1,15.0,12.465,18.33,14.82
3250A,temps_code6,1,15.0,12.465,18.33,14.82
3312Z,temps_code6,0,5.455,2.6,7.7425,10.46
3320A,temps_code6,0,5.455,2.6,7.7425,10.46
3320B,temps_code6,0,5.455,2.6,7.7425,10.46
3320C,temps_code6,0,5.455,2.6,7.7425,10.46
3320D,temps_code6,0,5.455,2.6,7.7425,10.46
4110A,temps_code6,0,5.455,2.6,7.7425,10.46
4120A,temps_code6,1,15.0,12.465,18.33,14.82
4120B,temps_code6,1,15.0,12.465,18.33,14.82
4312A,temps_code6,1,15.0,12.465,18.33,14.82
4321A,temps_code6,0,5.455,2.6,7.7425,10.46
4321B,temps_code6,2,84.05,66.95,98.5,77.32000000000001
4321a,temps_code6,0,5.455,2.6,7.7425,10.46
4322A,temps_code6,0,5.455,2.6,7.7425,10.46
4322B,temps_code6,0,5.455,2.6,7.7425,10.46
4329A,temps_code6,0,5.455,2.6,7.7425,10.46
4329B,temps_code6,1,15.0,12.465,18.33,14.82
4331Z,temps_code6,0,5.455,2.6,7.7425,10.46
4332A,temps_code6,1,15.0,12.465,18.33,14.82
4332C,temps_code6,0,5.455,2.6,7.7425,10.46
4332b,temps_code6,0,5.455,2.6,7.7425,10.46
4333Z,temps_code6,0,5.455,2.6,7.7425,10.46
4334Z,temps_code6,0,5.455,2.6,7.7425,10.46
4339Z,temps_code6,0,5.455,2.6,7.7425,10.46
4391A,temps_code6,0,5.455,2.6,7.7425,10.46
4391B,temps_code6,1,15.0,12.465,18.33,14.82
4399A,temps_code6,1,15.0,12.465,18.33,14.82
4399B,temps_code6,0,5.455,2.6,7.7425,10.46
4399C,temps_code6,0,5.455,2.6,7.7425,10.46
4399D,temps_code6,1,15.0,12.465,18.33,14.82
4399E,temps_code6,1,15.0,12.465,18.33,14.82
4511Z,temps_code6,1,15.0,12.465,18.33,14.82
4511z,temps_code6,0,5.455,2.6,7.7425,10.46
4519Z,temps_code6,0,5.455,2.6,7.7425,10.46
4520A,temps_code6,1,15.0,12.465,18.33,14.82
4532Z,temps_code6,0,5.455,2.6,7.7425,10.46
4540Z,temps_code6,0,5.455,2.6,7.7425,10.46
4613Z,temps_code6,0,5.455,2.6,7.7425,10.46
4618Z,temps_code6,0,5.455,2.6,7.7425,10.46
4619A,temps_code6,0,5.455,2.6,7.7425,10.46
4619B,temps_code6,1,15.0,12.465,18.33,14.82
4623Z,temps_code6,0,5.455,2.6,7.7425,10.46
4634Z,temps_code6,0,5.455,2.6,7.7425,10.46
4645Z,temps_code6,0,5.455,2.6,7.7425,10.46
4646Z,temps_code6,0,5.455,2.6,7.7425,10.46
4649Z,temps_code6,0,5.455,2.6,7.7425,10.46
4651Z,temps_code6,0,5.455,2.6,7.7425,10.46
4669A,temps_code6,0,5.455,2.6,7.7425,10.46
4669B,temps_code6,0,5.455,2.6,7.7425,10.46
4669C,temps_code6,0,5.455,2.6,7.7425,10.46
4672Z,temps_code6,1,15.0,12.465,18.33,14.82
4673A,temps_code6,0,5.455,2.6,7.7425,10.46
4673B,temps_code6,0,5.455,2.6,7.7425,10.46
4690Z,temps_code6,0,5.455,2.6,7.7425,10.46
4711B,temps_code6,0,5.455,2.6,7.7425,10.46
4711C,temps_code6,0,5.455,2.6,7.7425,10.46
4711D,temps_code6,0,5.455,2.6,7.7425,10.46
4719B,temps_code6,0,5.455,2.6,7.7425,10.46
4721Z,temps_code6,0,5.455,2.6,7.7425,10.46
4722Z,temps_code6,0,5.455,2.6,7.7425,10.46
4725Z,temps_code6,0,5.455,2.6,7.7425,10.46
4726Z,temps_code6,0,5.455,2.6,7.7425,10.46
4729Z,temps_code6,0,5.455,2.6,7.7425,10.46
4754Z,temps_code6,0,5.455,2.6,7.7425,10.46
4759A,temps_code6,0,5.455,2.6,7.7425,10.46
4759B,temps_code6,1,15.0,12.465,18.33,14.82
4761Z,temps_code6,0,5.455,2.6,7.7425,10.46
4762Z,temps_code6,0,5.455,2.6,7.7425,10.46
4764Z,temps_code6,0,5.455,2.6,7.7425,10.46
4765Z,temps_code6,0,5.455,2.6,7.7425,10.46
4765z,temps_code6,0,5.455,2.6,7.7425,10.46
4771Z,temps_code6,1,15.0,12.465,18.33,14.82
4772A,temps_code6,1,15.0,12.465,18.33,14.82
4773Z,temps_code6,0,5.455,2.6,7.7425,10.46
4774Z,temps_code6,1,15.0,12.465,18.33,14.82
4776Z,temps_code6,0,5.455,2.6,7.7425,10.46
4778A,temps_code6,0,5.455,2.6,7.7425,10.46
4778C,temps_code6,0,5.455,2.6,7.7425,10.46
4781Z,temps_code6,0,5.455,2.6,7.7425,10.46
4791A,temps_code6,0,5.455,2.6,7.7425,10.46
4791B,temps_code6,0,5.455,2.6,7.7425,10.46
4791b,temps_code6,1,15.0,12.465,18.33,14.82
4932Z,temps_code6,1,15.0,12.465,18.33,14.82
4939B,temps_code6,2,84.05,66.95,98.5,77.32000000000001
4941A,temps_code6,0,5.455,2.6,7.7425,10.46
4941B,temps_code6,1,15.0,12.465,18.33,14.82
5223Z,temps_code6,2,84.05,66.95,98.5,77.32000000000001
5229B,temps_code6,1,15.0,12.465,18.33,14.82
5320Z,temps_code6,0,5.455,2.6,7.7425,10.46
5510Z,temps_code6,0,5.455,2.6,7.7425,10.46
5530Z,temps_code6,0,5.455,2.6,7.7425,10.46
5610A,temps_code6,0,5.455,2.6,7.7425,10.46
5610C,temps_code6,0,5.455,2.6,7.7425,10.46
5610a,temps_code6,1,15.0,12.465,18.33,14.82
5610c,temps_code6,0,5.455,2.6,7.7425,10.46
5621Z,temps_code6,0,5.455,2.6,7.7425,10.46
5630Z,temps_code6,0,5.455,2.6,7.7425,10.46
5819Z,temps_code6,0,5.455,2.6,7.7425,10.46
5829C,temps_code6,1,15.0,12.465,18.33,14.82
5911B,temps_code6,0,5.455,2.6,7.7425,10.46
5920Z,temps_code6,0,5.455,2.6,7.7425,10.46
6201Z,temps_code6,0,5.455,2.6,7.7425,10.46
6202A,temps_code6,0,5.455,2.6,7.7425,10.46
6209Z,temps_code6,1,15.0,12.465,18.33,14.82
6311Z,temps_code6,0,5.455,2.6,7.7425,10.46
6312Z,temps_code6,0,5.455,2.6,7.7425,10.46
6420Z,temps_code6,0,5.455,2.6,7.7425,10.46
6492Z,temps_code6,0,5.455,2.6,7.7425,10.46
6619A,temps_code6,0,5.455,2.6,7.7425,10.46
6619B,temps_code6,0,5.455,2.6,7.7425,10.46
6622Z,temps_code6,0,5.455,2.6,7.7425,10.46
6630Z,temps_code6,0,5.455,2.6,7.7425,10.46
6810Z,temps_code6,0,5.455,2.6,7.7425,10.46
6820A,temps_code6,0,5.455,2.6,7.7425,10.46
6820B,temps_code6,0,5.455,2.6,7.7425,10.46
6831Z,temps_code6,0,5.455,2.6,7.7425,10.46
6832A,temps_code6,0,5.455,2.6,7.7425,10.46
6910Z,temps_code6,0,5.455,2.6,7.7425,10.46
6920Z,temps_code6,1,15.0,12.465,18.33,14.82
7010Z,temps_code6,0,5.455,2.6,7.7425,10.46
7021Z,temps_code6,1,15.0,12.465,18.33,14.82
7022Z,temps_code6,0,5.455,2.6,7.7425,10.46
7111Z,temps_code6,0,5.455,2.6,7.7425,10.46
7112A,temps_code6,0,5.455,2.6,7.7425,10.46
7112B,temps_code6,0,5.455,2.6,7.7425,10.46
7112b,temps_code6,0,5.455,2.6,7.7425,10.46
7120A,temps_code6,0,5.455,2.6,7.7425,10.46
7120B,temps_code6,0,5.455,2.6,7.7425,10.46
7219Z,temps_code6,0,5.455,2.6,7.7425,10.46
7311Z,temps_code6,0,5.455,2.6,7.7425,10.46
7312Z,temps_code6,0,5.455,2.6,7.7425,10.46
7410Z,temps_code6,0,5.455,2.6,7.7425,10.46
7420Z,temps_code6,0,5.455,2.6,7.7425,10.46
7490b,temps_code6,0,5.455,2.6,7.7425,10.46
7500Z,temps_code6,1,15.0,12.465,18.33,14.82
7711A,temps_code6,0,5.455,2.6,7.7425,10.46
7729Z,temps_code6,0,5.455,2.6,7.7425,10.46
7729z,temps_code6,0,5.455,2.6,7.7425,10.46
7732Z,temps_code6,0,5.455,2.6,7.7425,10.46
7739Z,temps_code6,0,5.455,2.6,7.7425,10.46
7740Z,temps_code6,0,5.455,2.6,7.7425,10.46
7911Z,temps_code6,3,31.95,27.99,40.55,34.14
7912Z,temps_code6,1,15.0,12.465,18.33,14.82
8010Z,temps_code6,3,31.95,27.99,40.55,34.14
8121Z,temps_code6,0,5.455,2.6,7.7425,10.46
8122Z,temps_code6,0,5.455,2.6,7.7425,10.46
8129A,temps_code6,0,5.455,2.6,7.7425,10.46
8129B,temps_code6,3,31.95,27.99,40.55,34.14
8130Z,temps_code6,1,15.0,12.465,18.33,14.82
8211Z,temps_code6,0,5.455,2.6,7.7425,10.46
8219Z,temps_code6,0,5.455,2.6,7.7425,10.46
8220Z,temps_code6,0,5.455,2.6,7.7425,10.46
8299Z,temps_code6,0,5.455,2.6,7.7425,10.46
8552Z,temps_code6,0,5.455,2.6,7.7425,10.46
8553Z,temps_code6,0,5.455,2.6,7.7425,10.46
8559A,temps_code6,0,5.455,2.6,7.7425,10.46
8559B,temps_code6,0,5.455,2.6,7.7425,10.46
8621Z,temps_code6,0,5.455,2.6,7.7425,10.46
8622C,temps_code6,0,5.455,2.6,7.7425,10.46
8623Z,temps_code6,0,5.455,2.6,7.7425,10.46
8690A,temps_code6,1,15.0,12.465,18.33,14.82
8690E,temps_code6,0,5.455,2.6,7.7425,10.46
8690F,temps_code6,0,5.455,2.6,7.7425,10.46
8720A,temps_code6,3,31.95,27.99,40.55,34.14
8790A,temps_code6,1,15.0,12.465,18.33,14.82
8810A,temps_code6,0,5.455,2.6,7.7425,10.46
8891A,temps_code6,1,15.0,12.465,18.33,14.82
9001Z,temps_code6,0,5.455,2.6,7.7425,10.46
9002Z,temps_code6,0,5.455,2.6,7.7425,10.46
9004Z,temps_code6,0,5.455,2.6,7.7425,10.46
9311Z,temps_code6,0,5.455,2.6,7.7425,10.46
9312Z,temps_code6,0,5.455,2.6,7.7425,10.46
9313Z,temps_code6,0,5.455,2.6,7.7425,10.46
9329Z,temps_code6,1,15.0,12.465,18.33,14.82
9329z,temps_code6,0,5.455,2.6,7.7425,10.46
9411Z,temps_code6,0,5.455,2.6,7.7425,10.46
9412Z,temps_code6,1,15.0,12.465,18.33,14.82
9499Z,temps_code6,0,5.455,2.6,7.7425,10.46
9511Z,temps_code6,0,5.455,2.6,7.7425,10.46
9522Z,temps_code6,1,15.0,12.465,18.33,14.82
9525Z,temps_code6,0,5.455,2.6,7.7425,10.46
9529Z,temps_code6,0,5.455,2.6,7.7425,10.46
9601B,temps_code6,0,5.455,2.6,7.7425,10.46
9602A,temps_code6,0,5.455,2.6,7.7425,10.46
9602B,temps_code6,0,5.455,2.6,7.7425,10.46
9604Z,temps_code6,0,5.455,2.6,7.7425,10.46
9609Z,temps_code6,0,5.455,2.6,7.7425,10.46
